{"cameraMode":{"drawMode":0,"name":"Shaded","section":"Shading Mode"},"sceneLighting":true,"audioPlay":false,"sceneViewState":{"m_AlwaysRefresh":false,"showFog":true,"showSkybox":true,"showFlares":true,"showImageEffects":true,"showParticleSystems":true,"showVisualEffectGraphs":true,"m_FxEnabled":true},"in2DMode":false,"pivot":{"x":-2.513059377670288,"y":-0.44621819257736208,"z":-2.0152251720428469},"rotation":{"x":0.4214995503425598,"y":0.45268648862838747,"z":-0.25702932476997378,"w":0.7425650358200073},"size":14.766688346862793,"orthographic":false}